annee,duree_sec,indice,source
2025,3,37,M6 Publicité 2025 Standard Terms and Conditions of Sale (EN) p.47
2025,4,41,M6 Publicité 2025 Standard Terms and Conditions of Sale (EN) p.47
2025,5,46,M6 Publicité 2025 Standard Terms and Conditions of Sale (EN) p.47
2025,6,52,M6 Publicité 2025 Standard Terms and Conditions of Sale (EN) p.47
2025,7,57,M6 Publicité 2025 Standard Terms and Conditions of Sale (EN) p.47
2025,8,60,M6 Publicité 2025 Standard Terms and Conditions of Sale (EN) p.47
2025,9,63,M6 Publicité 2025 Standard Terms and Conditions of Sale (EN) p.47
2025,10,66,M6 Publicité 2025 Standard Terms and Conditions of Sale (EN) p.47
2025,11,69,M6 Publicité 2025 Standard Terms and Conditions of Sale (EN) p.47
2025,12,73,M6 Publicité 2025 Standard Terms and Conditions of Sale (EN) p.47
2025,13,78,M6 Publicité 2025 Standard Terms and Conditions of Sale (EN) p.47
2025,14,82,M6 Publicité 2025 Standard Terms and Conditions of Sale (EN) p.47
2025,15,86,M6 Publicité 2025 Standard Terms and Conditions of Sale (EN) p.47
2025,16,88,M6 Publicité 2025 Standard Terms and Conditions of Sale (EN) p.47
2025,17,92,M6 Publicité 2025 Standard Terms and Conditions of Sale (EN) p.47
2025,18,95,M6 Publicité 2025 Standard Terms and Conditions of Sale (EN) p.47
2025,19,96,M6 Publicité 2025 Standard Terms and Conditions of Sale (EN) p.47
2025,20,100,M6 Publicité 2025 Standard Terms and Conditions of Sale (EN) p.47
2025,21,101,M6 Publicité 2025 Standard Terms and Conditions of Sale (EN) p.47
2025,22,101,M6 Publicité 2025 Standard Terms and Conditions of Sale (EN) p.47
2025,23,102,M6 Publicité 2025 Standard Terms and Conditions of Sale (EN) p.47
2025,24,103,M6 Publicité 2025 Standard Terms and Conditions of Sale (EN) p.47
2025,25,105,M6 Publicité 2025 Standard Terms and Conditions of Sale (EN) p.47
2025,26,106,M6 Publicité 2025 Standard Terms and Conditions of Sale (EN) p.47
2025,27,106,M6 Publicité 2025 Standard Terms and Conditions of Sale (EN) p.47
2025,28,108,M6 Publicité 2025 Standard Terms and Conditions of Sale (EN) p.47
2025,29,109,M6 Publicité 2025 Standard Terms and Conditions of Sale (EN) p.47
2025,30,110,M6 Publicité 2025 Standard Terms and Conditions of Sale (EN) p.47
2025,31,130,M6 Publicité 2025 Standard Terms and Conditions of Sale (EN) p.47
2025,32,135,M6 Publicité 2025 Standard Terms and Conditions of Sale (EN) p.47
2025,33,140,M6 Publicité 2025 Standard Terms and Conditions of Sale (EN) p.47
2025,34,148,M6 Publicité 2025 Standard Terms and Conditions of Sale (EN) p.47
2025,35,156,M6 Publicité 2025 Standard Terms and Conditions of Sale (EN) p.47
2025,36,162,M6 Publicité 2025 Standard Terms and Conditions of Sale (EN) p.47
2025,37,168,M6 Publicité 2025 Standard Terms and Conditions of Sale (EN) p.47
2025,38,174,M6 Publicité 2025 Standard Terms and Conditions of Sale (EN) p.47
2025,39,180,M6 Publicité 2025 Standard Terms and Conditions of Sale (EN) p.47
2025,40,186,M6 Publicité 2025 Standard Terms and Conditions of Sale (EN) p.47
2025,45,211,M6 Publicité 2025 Standard Terms and Conditions of Sale (EN) p.47
2025,50,238,M6 Publicité 2025 Standard Terms and Conditions of Sale (EN) p.47
2025,55,267,M6 Publicité 2025 Standard Terms and Conditions of Sale (EN) p.47
2025,60,300,M6 Publicité 2025 Standard Terms and Conditions of Sale (EN) p.47
2026,3,37,M6 Unlimited CGV TV-Vidéo 2026 p.51
2026,4,41,M6 Unlimited CGV TV-Vidéo 2026 p.51
2026,5,46,M6 Unlimited CGV TV-Vidéo 2026 p.51
2026,6,52,M6 Unlimited CGV TV-Vidéo 2026 p.51
2026,7,57,M6 Unlimited CGV TV-Vidéo 2026 p.51
2026,8,60,M6 Unlimited CGV TV-Vidéo 2026 p.51
2026,9,63,M6 Unlimited CGV TV-Vidéo 2026 p.51
2026,10,66,M6 Unlimited CGV TV-Vidéo 2026 p.51
2026,11,69,M6 Unlimited CGV TV-Vidéo 2026 p.51
2026,12,73,M6 Unlimited CGV TV-Vidéo 2026 p.51
2026,13,78,M6 Unlimited CGV TV-Vidéo 2026 p.51
2026,14,82,M6 Unlimited CGV TV-Vidéo 2026 p.51
2026,15,86,M6 Unlimited CGV TV-Vidéo 2026 p.51
2026,16,88,M6 Unlimited CGV TV-Vidéo 2026 p.51
2026,17,92,M6 Unlimited CGV TV-Vidéo 2026 p.51
2026,18,95,M6 Unlimited CGV TV-Vidéo 2026 p.51
2026,19,96,M6 Unlimited CGV TV-Vidéo 2026 p.51
2026,20,100,M6 Unlimited CGV TV-Vidéo 2026 p.51
2026,21,101,M6 Unlimited CGV TV-Vidéo 2026 p.51
2026,22,101,M6 Unlimited CGV TV-Vidéo 2026 p.51
2026,23,102,M6 Unlimited CGV TV-Vidéo 2026 p.51
2026,24,103,M6 Unlimited CGV TV-Vidéo 2026 p.51
2026,25,105,M6 Unlimited CGV TV-Vidéo 2026 p.51
2026,26,106,M6 Unlimited CGV TV-Vidéo 2026 p.51
2026,27,106,M6 Unlimited CGV TV-Vidéo 2026 p.51
2026,28,108,M6 Unlimited CGV TV-Vidéo 2026 p.51
2026,29,109,M6 Unlimited CGV TV-Vidéo 2026 p.51
2026,30,110,M6 Unlimited CGV TV-Vidéo 2026 p.51
2026,31,130,M6 Unlimited CGV TV-Vidéo 2026 p.51
2026,32,135,M6 Unlimited CGV TV-Vidéo 2026 p.51
2026,33,140,M6 Unlimited CGV TV-Vidéo 2026 p.51
2026,34,148,M6 Unlimited CGV TV-Vidéo 2026 p.51
2026,35,156,M6 Unlimited CGV TV-Vidéo 2026 p.51
2026,36,162,M6 Unlimited CGV TV-Vidéo 2026 p.51
2026,37,168,M6 Unlimited CGV TV-Vidéo 2026 p.51
2026,38,174,M6 Unlimited CGV TV-Vidéo 2026 p.51
2026,39,180,M6 Unlimited CGV TV-Vidéo 2026 p.51
2026,40,186,M6 Unlimited CGV TV-Vidéo 2026 p.51
2026,45,211,M6 Unlimited CGV TV-Vidéo 2026 p.51
2026,50,238,M6 Unlimited CGV TV-Vidéo 2026 p.51
2026,55,267,M6 Unlimited CGV TV-Vidéo 2026 p.51
2026,60,300,M6 Unlimited CGV TV-Vidéo 2026 p.51
2027,3,37,M6 Unlimited CGV TV-Vidéo 2027 p.55
2027,4,41,M6 Unlimited CGV TV-Vidéo 2027 p.55
2027,5,46,M6 Unlimited CGV TV-Vidéo 2027 p.55
2027,6,52,M6 Unlimited CGV TV-Vidéo 2027 p.55
2027,7,57,M6 Unlimited CGV TV-Vidéo 2027 p.55
2027,8,60,M6 Unlimited CGV TV-Vidéo 2027 p.55
2027,9,63,M6 Unlimited CGV TV-Vidéo 2027 p.55
2027,10,66,M6 Unlimited CGV TV-Vidéo 2027 p.55
2027,11,69,M6 Unlimited CGV TV-Vidéo 2027 p.55
2027,12,73,M6 Unlimited CGV TV-Vidéo 2027 p.55
2027,13,78,M6 Unlimited CGV TV-Vidéo 2027 p.55
2027,14,82,M6 Unlimited CGV TV-Vidéo 2027 p.55
2027,15,86,M6 Unlimited CGV TV-Vidéo 2027 p.55
2027,16,88,M6 Unlimited CGV TV-Vidéo 2027 p.55
2027,17,92,M6 Unlimited CGV TV-Vidéo 2027 p.55
2027,18,95,M6 Unlimited CGV TV-Vidéo 2027 p.55
2027,19,96,M6 Unlimited CGV TV-Vidéo 2027 p.55
2027,20,100,M6 Unlimited CGV TV-Vidéo 2027 p.55
2027,21,101,M6 Unlimited CGV TV-Vidéo 2027 p.55
2027,22,101,M6 Unlimited CGV TV-Vidéo 2027 p.55
2027,23,102,M6 Unlimited CGV TV-Vidéo 2027 p.55
2027,24,103,M6 Unlimited CGV TV-Vidéo 2027 p.55
2027,25,105,M6 Unlimited CGV TV-Vidéo 2027 p.55
2027,26,106,M6 Unlimited CGV TV-Vidéo 2027 p.55
2027,27,106,M6 Unlimited CGV TV-Vidéo 2027 p.55
2027,28,108,M6 Unlimited CGV TV-Vidéo 2027 p.55
2027,29,109,M6 Unlimited CGV TV-Vidéo 2027 p.55
2027,30,110,M6 Unlimited CGV TV-Vidéo 2027 p.55
2027,31,130,M6 Unlimited CGV TV-Vidéo 2027 p.55
2027,32,135,M6 Unlimited CGV TV-Vidéo 2027 p.55
2027,33,140,M6 Unlimited CGV TV-Vidéo 2027 p.55
2027,34,148,M6 Unlimited CGV TV-Vidéo 2027 p.55
2027,35,156,M6 Unlimited CGV TV-Vidéo 2027 p.55
2027,36,162,M6 Unlimited CGV TV-Vidéo 2027 p.55
2027,37,168,M6 Unlimited CGV TV-Vidéo 2027 p.55
2027,38,174,M6 Unlimited CGV TV-Vidéo 2027 p.55
2027,39,180,M6 Unlimited CGV TV-Vidéo 2027 p.55
2027,40,186,M6 Unlimited CGV TV-Vidéo 2027 p.55
2027,45,211,M6 Unlimited CGV TV-Vidéo 2027 p.55
2027,50,238,M6 Unlimited CGV TV-Vidéo 2027 p.55
2027,55,267,M6 Unlimited CGV TV-Vidéo 2027 p.55
2027,60,300,M6 Unlimited CGV TV-Vidéo 2027 p.55
